title,body
"First Blog Post","This is the body of the first blog post."
"Second Blog Post","This is the body of the second blog post."
"Third Blog Post","This is the body of the third blog post."
"Fourth Blog Post","This is the body of the fourth blog post."
"Fifth Blog Post","This is the body of the fifth blog post."
"Sixth Blog Post","This is the body of the sixth blog post."
"Seventh Blog Post","This is the body of the seventh blog post."
"Eighth Blog Post","This is the body of the eighth blog post."
"Ninth Blog Post","This is the body of the ninth blog post."
"Tenth Blog Post","This is the body of the tenth blog post."
"Eleventh Blog Post","This is the body of the eleventh blog post."
"Twelfth Blog Post","This is the body of the twelfth blog post."
"Thirteenth Blog Post","This is the body of the thirteenth blog post."
"Fourteenth Blog Post","This is the body of the fourteenth blog post."
"Fifteenth Blog Post","This is the body of the fifteenth blog post."
"Sixteenth Blog Post","This is the body of the sixteenth blog post."
"Seventeenth Blog Post","This is the body of the seventeenth blog post."
"Eighteenth Blog Post","This is the body of the eighteenth blog post."
"Nineteenth Blog Post","This is the body of the nineteenth blog post."
"Twentieth Blog Post","This is the body of the twentieth blog post."
